,TSLA_SHEL,TSLA_SHEL_p_value,TSLA_JNJ,TSLA_JNJ_p_value,TSLA_XOM,TSLA_XOM_p_value,TSLA_MSFT,TSLA_MSFT_p_value,TSLA_GOOG,TSLA_GOOG_p_value,TSLA_JPM,TSLA_JPM_p_value,TSLA_TM,TSLA_TM_p_value,TSLA_AZN,TSLA_AZN_p_value,SHEL_JNJ,SHEL_JNJ_p_value,SHEL_XOM,SHEL_XOM_p_value,SHEL_MSFT,SHEL_MSFT_p_value,SHEL_GOOG,SHEL_GOOG_p_value,SHEL_JPM,SHEL_JPM_p_value,SHEL_TM,SHEL_TM_p_value,SHEL_AZN,SHEL_AZN_p_value,JNJ_XOM,JNJ_XOM_p_value,JNJ_MSFT,JNJ_MSFT_p_value,JNJ_GOOG,JNJ_GOOG_p_value,JNJ_JPM,JNJ_JPM_p_value,JNJ_TM,JNJ_TM_p_value,JNJ_AZN,JNJ_AZN_p_value,XOM_MSFT,XOM_MSFT_p_value,XOM_GOOG,XOM_GOOG_p_value,XOM_JPM,XOM_JPM_p_value,XOM_TM,XOM_TM_p_value,XOM_AZN,XOM_AZN_p_value,MSFT_GOOG,MSFT_GOOG_p_value,MSFT_JPM,MSFT_JPM_p_value,MSFT_TM,MSFT_TM_p_value,MSFT_AZN,MSFT_AZN_p_value,GOOG_JPM,GOOG_JPM_p_value,GOOG_TM,GOOG_TM_p_value,GOOG_AZN,GOOG_AZN_p_value,JPM_TM,JPM_TM_p_value,JPM_AZN,JPM_AZN_p_value,TM_AZN,TM_AZN_p_value
0,0.2627140265807488,0.008274314535830142,0.5328665799802537,1.1496702799499364e-08,-0.6050841666623563,2.5959383173175175e-11,0.8566563891791406,6.327543675118491e-30,0.6570727743333331,1.1342180671630284e-13,0.7629828281873461,2.818426473570878e-20,0.4806325022938564,4.170151353598937e-07,-0.25994119259648957,0.00900694069902783,0.3336693801196743,0.000692538213150287,0.38596553280772744,7.310489610156923e-05,0.29783315684746486,0.002616803373922759,0.591595076036424,9.093267058222822e-11,0.394375597498202,4.907161892491534e-05,0.7461967183568957,5.151141427492124e-19,-0.13883564022964906,0.16833211221357608,-0.179922372422829,0.07325299782556817,0.5464641178811293,4.070139163114941e-09,0.6278503446633046,2.7239263840580853e-12,0.6668333754010292,3.622968252171745e-14,0.6002683010839481,4.088659719740175e-11,-0.0015546066622991357,0.9877524574876257,-0.5029105706952371,9.699119675188343e-08,-0.13840895288090474,0.16965667984274363,-0.29886383210755,0.002524291989579622,0.03389841282485681,0.737761998634841,0.21429421124956397,0.032279074062010894,0.7918336033003783,1.0417053905608241e-22,0.8995996216921219,4.893571949632015e-37,0.5716773821932035,5.225403013516977e-10,-0.2220336271724914,0.0264043655757651,0.8152783272005378,5.487080737884426e-25,0.8360829650888034,2.6817751321343684e-27,-0.3836933691109833,8.126797525604344e-05,0.6516969112743104,2.0891530963618705e-13,-0.11290520222845121,0.2633801354008954,-0.30621483481979866,0.0019454318319157091
1,0.8390331146681178,1.1874371451601164e-27,0.3781518693023855,0.00010486680873755378,0.7105291345436086,1.2345445284388745e-16,0.3397481335187829,0.0005437296897800841,0.781934048424617,7.831147252313722e-22,0.38725868119730406,6.880680524160181e-05,-0.6481328312343265,3.111189637182342e-13,0.27423048431181163,0.0057630550481074915,0.294571051450698,0.0029300591261800625,0.7288587427155552,8.234240089918743e-18,0.24906825006617578,0.012458587064745801,0.8697552417661748,8.037860805129018e-32,0.3361407500088884,0.000628040257242717,-0.5678120789500654,7.239015913126123e-10,0.19562350396790382,0.051113006301237565,0.5616086715530805,1.2108423992929552e-09,0.8273386490678727,2.736847391300729e-26,0.23884101913438707,0.01670550027289015,0.7304359910168414,6.4561370144874385e-18,0.10106775695457676,0.3170513865359499,0.7909012621974544,1.2655040587467633e-22,0.5470802171781524,3.878804837116848e-09,0.5793299607639016,2.7063599191479664e-10,0.5435010106903696,5.123822083657213e-09,-0.23999347576731792,0.016171484906242733,0.4675457073400492,9.372680844484264e-07,0.12698687932665748,0.20802772139809803,0.7433718541554334,8.214580094687932e-19,-0.06439611492889069,0.524433557010695,0.6297191113608903,2.245181715628555e-12,0.2573911775191619,0.009730422255446132,-0.4625381940536788,1.266575864042578e-06,0.189602557458545,0.058843071262435806,0.011265376157521875,0.9114252872404021,0.4217219492122117,1.2434174014333123e-05,0.1309296083642696,0.19413883776872537
2,-0.3161300086560423,0.0013546384935218838,-0.15318239683739332,0.12811930278400008,-0.1577415248133087,0.11701810568345397,0.7346179889834542,3.359063701873358e-18,-0.6273114583466451,2.8793688940047676e-12,0.9387188698345197,3.9750129516508487e-47,-0.2298328481423003,0.021430209784620038,-0.5080502001607261,6.824928871313871e-08,0.3860126256303267,7.294408226935356e-05,0.8983128901133351,8.84728436226133e-37,0.17869700575458453,0.07526422581392431,0.25378689357734946,0.010839831862114773,-0.4008900022062249,3.5767441605693384e-05,0.22623288598875146,0.023616280874586337,0.520164928844224,2.9121188444631625e-08,0.2641389400503726,0.007918660174498946,0.14971830341215708,0.13707994946228583,0.49236020894946286,1.9602378360689825e-07,-0.09743825205157959,0.3348306727721848,0.3973873083916349,4.243174134547461e-05,0.5065104085152048,7.587344367566999e-08,0.27431409728253553,0.0057476222628548785,0.09191456183225094,0.363077336057491,-0.241789604914936,0.015368663889883925,0.009095192995162316,0.9284379754852515,0.3290174067670096,0.0008306416687503638,-0.28168046805631175,0.004523848649588615,0.6748097444054005,1.3804935008281514e-14,0.028018425626823846,0.781998207393955,-0.2183731761844143,0.02905850528938047,-0.5704672288811468,5.789438079047939e-10,0.1398204311682231,0.16530422355909521,0.3252570579207744,0.0009601767975839176,-0.16797418423501098,0.09481747098467486,-0.4587350381781223,1.586980979169108e-06,0.7435483214253531,7.979975240967859e-19
3,0.122907514540442,0.22312988922963323,-0.29729805296972167,0.00266602684860959,-0.3149512110323613,0.0014151172731939469,-0.6089248246483422,1.7971033343317357e-11,-0.5921934309804558,8.611957947387808e-11,0.213331418820814,0.03308169850688694,0.27539489222669244,0.005551412514540655,0.4637157056767011,1.1805043351223509e-06,0.42463134830899973,1.066782435550107e-05,0.5093764479386942,6.227339013187091e-08,0.07722583949890331,0.44505160131809596,-0.05151808355954668,0.6107228029526123,0.5891274404908877,1.1366129271512037e-10,0.7584724877186129,6.297033179428684e-20,0.2903940233530993,0.0033801907844031066,0.8528810771955022,2.055918197515634e-29,0.8386193232977041,1.3324924210168821e-27,0.6853308136668474,3.689548250618104e-15,0.7950850034717648,5.243156219140395e-23,0.6720780039652887,1.927535965888933e-14,0.33622162740631556,0.0006260256604230701,0.7639974200911177,2.3463999432277412e-20,0.5508554321935063,2.8816019967379205e-09,0.6168140932992657,8.311233339345905e-12,0.6905337434215243,1.8819623975594686e-15,0.12993554494181617,0.19757568994965904,0.8951815555348903,3.618894414301773e-36,0.4367370129613667,5.552856338910271e-06,0.2971694088070416,0.002677984181985417,0.11217531412264044,0.26649897276430146,0.31061878756881894,0.0016590374151033353,0.09800080975426001,0.3320343084484249,0.13725171728267008,0.1732878013461377,0.8423374690091153,4.674754598768055e-28,0.5398311525849928,6.7934664115582946e-09,0.4491128771049118,2.7743730599695404e-06
4,0.5418901340947108,5.80156112851465e-09,0.45703527324255083,1.7537393030723019e-06,0.2670913634090218,0.007224368865060509,0.8260053567433648,3.855624815362811e-26,0.7959818477435804,4.329181643152492e-23,0.6223955118431361,4.753702279395373e-12,0.13741719324628612,0.17276510276943488,0.2800670340851475,0.0047699882287795484,0.8809055804030563,1.3234477004567765e-33,0.855734101841939,8.464448547607123e-30,0.564578690702257,9.47766673090793e-10,0.4213039548291418,1.2709442769458086e-05,0.3668006541103314,0.0001743106062303681,-0.33488781513686766,0.0006600180357002729,-0.20046441761804165,0.04552300446472246,0.8807965101470219,1.3804016928019175e-33,0.4637315732500623,1.179383227558252e-06,0.30016956249683024,0.002411325690686047,0.11484088006891646,0.2552293645483982,-0.5414225137855314,6.013857233653128e-09,-0.4194829198761185,1.3976835922074346e-05,0.23501035163649336,0.018591514275995147,0.03748179292789416,0.7112068915126725,-0.02809733963320885,0.7813995452000034,-0.6620432585937809,6.37675833646457e-14,-0.5679627452309021,7.148185806881844e-10,0.9301353417704528,1.9880093796442007e-44,0.7527963938857133,1.6896947119121855e-19,0.3090673989492072,0.0017552493152629583,0.4340543940613109,6.4312461279611805e-06,0.7706636437401959,6.875002777526303e-21,0.47260984395805544,6.878463355325456e-07,0.5631186363625982,1.0693794913767279e-09,0.6851745825732634,3.764075917446223e-15,0.7450855823986123,6.193611226647436e-19,0.8966057263446865,1.917644731591884e-36
5,0.13930701028358056,0.1668777386470502,0.037404838463247186,0.7117736946025046,-0.03437111129457681,0.7342405174531593,0.012090378365659422,0.9049679104557466,0.05299971330194976,0.600485782899734,0.07628114222310053,0.4506564953261342,-0.07400597122337083,0.46431529830555135,0.06243542843172994,0.5371640790168435,0.5224551473190695,2.4697272251633514e-08,0.8208105592532766,1.4261954253298932e-25,-0.005989218295268902,0.9528408285625914,-0.22414429662802202,0.024969848728141637,-0.1804716119955009,0.07236567688010928,-0.04769148858851911,0.6375070964849916,-0.04542769790913066,0.6535778106601745,0.3562004463322974,0.00027552968960430725,0.6917172252301649,1.611577629256808e-15,0.5547424995652815,2.1137858424544046e-09,0.31902877238245925,0.0012157707189626404,0.5349077764195254,9.866079635204255e-09,0.6546805196608747,1.490746802553578e-13,-0.21816654971646407,0.029214837530668503,-0.3719502018886486,0.00013874444776371903,-0.3180332829502627,0.0012619289830384881,-0.3258006268324904,0.0009403784581948977,-0.3178680026614886,0.0012697449803748897,0.9455606355957862,1.4188934615915115e-49,0.8243046658534257,5.944674653658272e-26,0.9260473384048264,2.9193426003530065e-43,0.9470106533991336,3.9142971119246806e-50,0.8468547790543596,1.2617904371574565e-28,0.8832982715964378,5.196609500050344e-34,0.907556581045433,1.041689800234278e-38,0.8354353265950961,3.200040953863168e-27,0.7596689977790175,5.096423028357356e-20,0.8847852205836599,2.876852519014106e-34
6,0.6234455013022113,4.274121951414846e-12,-0.17766116594380857,0.07699878752578945,-0.14456087764760192,0.15129184227129866,0.6123318643795911,1.2914535993214512e-11,0.7612054047760505,3.877124287925288e-20,0.4882776380051693,2.5575550108078677e-07,0.22197256512359795,0.026446888685755347,-0.07372671922917094,0.4660072523202818,-0.38178827347578576,8.875784309142093e-05,0.5192347832991339,3.112589851110614e-08,0.8657729969937503,3.181353151733877e-31,0.5707196698416098,5.667154034521788e-10,0.8880222150746893,7.716993950011324e-35,0.5770149153700921,3.3082846447888554e-10,-0.6381409768687687,9.243460513796182e-13,-0.05053486417019722,0.6175579285784364,-0.5070940888039337,7.289247092214637e-08,-0.17149690271575946,0.08799469312212438,-0.48213679121930325,3.79122880075375e-07,-0.18980348410823145,0.05857051473342398,0.6926457608949271,1.4261862233787395e-15,0.3984530745293209,4.0290353123660286e-05,0.0634698140349819,0.5304289103268676,0.5235427636317366,2.2828625885469385e-08,0.6536324840498328,1.6790902766064084e-13,-0.415920163015608,1.6806904023166427e-05,0.5751934338390999,3.8703398202487435e-10,0.9057224028414127,2.607455931009077e-38,0.5077158827098309,6.983981185048602e-08,-0.7244790649404299,1.6038334783337924e-17,0.3493310515542896,0.00036760777728455144,0.3873420889820608,6.853782429688715e-05,-0.05462550251944591,0.5893414937556776,0.5664128495629285,8.137197899588082e-10,-0.7720635170339163,5.284862301133769e-21,-0.25055178147158286,0.01192831836339342
7,0.601133418424505,3.770359668147127e-11,0.6998669384345855,5.426244135368677e-16,0.2144172463662985,0.03217770058098729,0.8920533351701253,1.4148425832485388e-35,0.8170226068629806,3.605605902559606e-25,-0.48826035914911814,2.560417026864809e-07,-0.8094668211723233,2.1542904907629618e-24,0.8085586376469194,2.6563590815855706e-24,0.42366618794571376,1.1225825433992848e-05,0.5198184098365745,2.98531716497781e-08,0.6822124678048129,5.4867010034073754e-15,0.7457167682206076,5.5786276157207065e-19,-0.5035030333250086,9.316769486739106e-08,-0.4874180921098448,2.703679400830915e-07,0.7522559656303571,1.85361283169407e-19,0.14018488979558164,0.16419393375715252,0.7116680174627601,1.0498116891672322e-16,0.6796472444113586,7.576940098360357e-15,-0.16509696471993238,0.10069406570203869,-0.6028139821491142,3.218883519147934e-11,0.8493422734360576,6.024225344834154e-29,0.15899507523658146,0.1141000676457792,0.20062183545295764,0.04535010486052519,0.05235856425691762,0.6049063027121606,-0.1902965690249806,0.05790601943313577,0.21883360969828422,0.028712692550967995,0.9623651788954047,2.962430454581159e-57,-0.5080230336555155,6.837723362820008e-08,-0.6616842917439676,6.649976874950077e-14,0.8672882869239675,1.8947284817754359e-31,-0.4682601179170925,8.975071905505595e-07,-0.5892979925052135,1.1192884974446486e-10,0.8684108183796938,1.2853593002198288e-31,0.5841354047419061,1.7748106151722795e-10,-0.45843731872657284,1.6150615463443763e-06,-0.6644966817714957,4.7797136229984944e-14
8,-0.2705533799874058,0.006479199645127437,-0.386836004029502,7.01850746076104e-05,-0.41026548816935976,2.2425212054472614e-05,-0.4688435790987693,8.662258501824218e-07,-0.60592670543502,2.3957338889784764e-11,-0.4423796544061245,4.0605230139869025e-06,-0.2114672181476604,0.034683631874052524,-0.26290919162239984,0.008224784775233753,0.7183972338683332,3.964015404566858e-17,0.7716560139980906,5.706532846079984e-21,0.8809568100667573,1.2974953496644847e-33,0.7751143230008006,2.959587898544588e-21,0.8320458748865781,7.968674273081691e-27,0.9781822107810262,1.0798871292494215e-68,0.5450207225031629,4.554442729758858e-09,0.7204706769047566,2.919605219428826e-17,0.8313666783907766,9.543840431448443e-27,0.7836686439758462,5.541757515997035e-22,0.8117604398681113,1.262825097949669e-24,0.7431282423496777,8.549493678745673e-19,0.5143546192999726,4.3995414510477995e-08,0.6967239167432074,8.292511898440686e-16,0.77224390511463,5.108033479832728e-21,0.8535789804186105,1.6576153194860855e-29,0.7798751692614613,1.1757351708817087e-21,0.8096118133777723,2.0832133380495963e-24,0.914443690699668,2.7774921401255892e-40,0.791782483747151,1.0529073692724723e-22,0.8672687348236324,1.907518052460647e-31,0.4827480405421786,3.6468048066883103e-07,0.7951564627271667,5.163922880722174e-23,0.7651009283759548,1.9202915434439238e-20,0.6134117141183234,1.1620898142114768e-11,0.8371380747324836,2.007675802374199e-27,0.6401431716403887,7.455160385524615e-13,0.5890514998212869,1.144409615503578e-10
9,0.22363707481936007,0.025308373314032195,0.484895299930451,3.1797900823140315e-07,0.45397263014918443,2.0968361251928093e-06,0.15503222659181767,0.12352166167624858,0.7359566865891471,2.7180255047132313e-18,0.3949727406109646,4.768259435924399e-05,0.5739429809277422,4.3081486301266156e-10,-0.2176260041498124,0.02962718467591346,0.474750548988103,6.026123380143759e-07,0.6636102511064282,5.3060528308208905e-14,0.24952033719835265,0.012294858644583394,0.41619180895179825,1.657348845677461e-05,0.30125503897087164,0.002320905179181308,0.5284733760796178,1.5924352008810807e-08,0.5955215535779893,6.351082603335629e-11,0.9102672843727923,2.590351930068893e-39,-0.42774822337386453,9.038667985373255e-06,0.3524474961368478,0.0003227963087352302,-0.22873539162846046,0.02207746809893346,0.18369808628400225,0.06732665307040687,-0.24230504255189306,0.01514475312791382,-0.3723753942051935,0.00013613129542906877,0.34408585714845025,0.0004561437665615221,-0.18276171609967715,0.06875886325205656,0.32342632200830357,0.0010296857340415092,-0.10099826604459544,0.31738595828907357,0.5666463638604683,7.980208250031893e-10,0.8715293476649506,4.291418231295326e-32,0.45479209078291016,1.9992868948329995e-06,0.6734842591598007,1.623930994808851e-14,0.6899547090542066,2.029787923017241e-15,0.7126498231892948,9.123300456983478e-17,0.246329674442276,0.013491615199399998,0.6596531150906497,8.422687343212144e-14,0.5035861001923464,9.26432388327826e-08,0.3335661473660614,0.0006953597943637445
10,-0.35207941033714996,0.0003278135362270908,-0.017461502641554535,0.8630972771957393,0.09239060322268629,0.36058672174223594,0.2993380262115952,0.0024827270614003354,0.47279677752906046,6.799702698087625e-07,-0.04294804714650921,0.6713640331626932,-0.028872200557871937,0.7755280734772068,0.1382768255627741,0.17006839939179094,-0.6396318097258119,7.877178883699216e-13,0.25168978505060713,0.011535012486304778,-0.6377500775498597,9.6379726774454e-13,-0.5604844764312951,1.3276493336682656e-09,-0.3522748502079244,0.0003251406978638531,0.7579215133715398,6.938442858877476e-20,-0.5782746497777081,2.9663878103614636e-10,0.07427876601314369,0.46266572351178864,0.7770208410823927,2.050517608437759e-21,0.6740120339097236,1.522392474571159e-14,0.7567887865118994,8.4628307847941e-20,-0.6546325006476658,1.4989106894689834e-13,0.767286341523117,1.2870305404943879e-20,0.38459321085994796,7.793868568034505e-05,0.41704276763965054,1.5861824999769617e-05,0.02150641400785628,0.8318068417029472,0.17662982592265797,0.0787575387032159,0.07097589039584273,0.48285306625007623,0.9455833944121994,1.3908816719366404e-49,0.6433937848337181,5.240711518368375e-13,-0.5172777222446256,3.578272838504072e-08,0.8254265386944725,4.470115074100427e-26,0.587421752538885,1.3246821095502794e-10,-0.3592089566961101,0.00024234402908834268,0.7611599932722082,3.9087020702193015e-20,-0.23114233154707348,0.02067925075245593,0.8471784074395704,1.1469298971080387e-28,-0.4429759418645172,3.927124505109074e-06
11,-0.5432758968998658,5.213754166817616e-09,0.2949086407588699,0.002896146222588325,-0.31031420310141555,0.0016775410378061242,-0.23943673487834757,0.016427589448972938,-0.5147648992904307,4.274283973550536e-08,-0.3130066000356824,0.0015202618850717888,-0.003748916939240435,0.9704706837272895,0.2793340229638798,0.004885703914867171,0.31498153734298917,0.0014135311438088465,0.8651228536884589,3.965867701274326e-31,0.7662007222569105,1.5709071676659853e-20,0.8592424627895493,2.7679220402165913e-30,0.8332066993238908,5.843669500807738e-27,0.33797424939977705,0.0005837972948471435,0.20822842224065446,0.03762184804631542,0.6818631210692383,5.734371322175362e-15,0.5674386835207121,7.468921117740852e-10,0.18744097139379395,0.061841344606182534,0.6126990353793573,1.2459829044364371e-11,-0.019019995652959736,0.8510133301938669,0.689373471438083,2.189467265930555e-15,0.854261465149617,1.341397915033995e-29,0.7187282175966206,3.7758468057037834e-17,0.9136403187193617,4.305107731859443e-40,0.19058259765347946,0.057523394668973875,0.44293400812235423,3.936368863122026e-06,0.8405847508638844,7.685117683377344e-28,0.8369782528532257,2.097953099802836e-27,0.4955711588165492,1.5863322956542133e-07,0.2753658325355399,0.005556609216827776,0.7524086704610174,1.805790776941585e-19,0.5874156017440519,1.3254116121779834e-10,-0.022104044668177412,0.8272046630492448,0.33429035359685694,0.0006757855140260193,0.3537853828890879,0.0003051501465594943,-0.29816281791893634,0.0025868870212768743
12,-0.5374473236013639,8.144787537825862e-09,-0.3844829889229452,7.833955765846176e-05,0.47827200239767687,4.838099001344513e-07,-0.8239140879077476,6.561848466522911e-26,0.294157974203388,0.002972040400033734,-0.5663415747900211,8.185702999456577e-10,-0.10050473636382445,0.31976866651733354,0.219825770954157,0.02797936638829531,0.5000265676166827,1.178386458978242e-07,0.03865099419316561,0.7026147100290351,0.7570527013685748,8.080932398286964e-20,-0.03228075739382258,0.7498537663072324,0.4939140264623267,1.7698953513083348e-07,0.5257840698229284,1.939482786633488e-08,0.053328069898206265,0.598227450286477,0.21565527813050556,0.031172504067686353,0.7119676121804338,1.0058581524819424e-16,0.11719734807165295,0.24554199459686007,0.4871663714024656,2.7479531394828884e-07,0.4836858048146141,3.4353508319417115e-07,0.35690095178088704,0.00026744829051076214,-0.15093370528648942,0.13388337445713372,0.7868635594081629,2.906653585755869e-22,-0.08272899797986423,0.4131899630236175,0.16854966008047573,0.09367522393033854,0.5810901297290298,2.320679382518116e-10,-0.049495844298288,0.6248165635666371,0.7228365927978021,2.0526453054125937e-17,0.5137334148552091,4.595882223262648e-08,-0.04461138961132232,0.6594123359294897,0.16670836269622102,0.09736862565835215,0.06833761877516681,0.49931061674054394,0.18136096013639305,0.07094728753517876,0.4708246661296453,7.675484592819572e-07,-0.4192406575438348,1.4154120983021099e-05,0.06388801644228824,0.5277179163900833
13,0.276680616560252,0.005325766677423175,0.020930171708848075,0.8362496996779878,-0.07691861352284055,0.446870067084381,0.8724917564448876,3.04128184417704e-32,0.7476722204460542,4.0269195490709354e-19,0.8980601779352627,9.929249679776878e-37,0.8204191259100435,1.5712329101661732e-25,0.5925368428149109,8.346896064719235e-11,0.5759573854212015,3.624253602702796e-10,0.8000253235513445,1.803569505142231e-23,0.21305490303166733,0.033315298844524215,-0.181019497423872,0.07148919653125141,0.3117759668730508,0.0015904117229238307,-0.038657335443100446,0.7025682103810018,-0.4177409613468127,1.52994428487437e-05,0.47861460594058314,4.7352164346466306e-07,0.043538627846311684,0.6671109341306424,-0.26370626132163816,0.008025202728261207,0.03297156001244672,0.7446825032873998,-0.21007942270795318,0.035918109753795745,-0.31979408735979586,0.0011813348314938514,-0.06337228207908896,0.5310621602272244,-0.3655271726168732,0.00018432237864459298,0.009709845023358777,0.9236159349230859,-0.2518383189655205,0.011484522968349889,-0.6102439209151347,1.5820484326198573e-11,0.7938925042881685,6.754063267171397e-23,0.8192335621743009,2.1038510631562533e-25,0.8266868750466749,3.237211075864833e-26,0.6465305091511284,3.714843744576977e-13,0.8099412993584779,1.9300864062138925e-24,0.9113382298970854,1.47666186226043e-39,0.8044434794553903,6.769394946088544e-24,0.8911052887146644,2.1211590673451714e-35,0.5339624069321024,1.0591695545260938e-08,0.7114851264117277,1.0775537395006195e-16
14,-0.18426252670587248,0.06647506348388979,0.431089438485205,7.5536767420106446e-06,-0.21370979702991988,0.03276428280313655,0.8258312196804405,4.0312654848376555e-26,0.4431409362014275,3.890949733922795e-06,0.05298099974304213,0.6006146030462794,-0.05046548161312422,0.6180415041946052,0.14268943047552904,0.15671327104164223,0.630586068864681,2.051710992514021e-12,0.9874750386978478,2.081651046068481e-80,0.2510109945360283,0.011768222546272161,0.7500775364183894,2.685747443580056e-19,0.9354786296015529,4.588533355370901e-46,0.9490542836189052,5.985485919925472e-51,0.8710129298987453,5.156428098836468e-32,0.6293230152505199,2.3393275724163677e-12,0.7700247437795873,7.747175235632144e-21,0.8757067811780967,9.430974548699263e-33,0.7546964148782221,1.217899989480323e-19,0.695608183938434,9.627249970283484e-16,0.8342207289605719,4.448050686245915e-27,0.2139945096730672,0.03252713802640908,0.750030259043867,2.707334513320764e-19,0.9515559803641498,5.392256766576522e-52,0.9566752893184265,2.5616534915838047e-54,0.8431329309799107,3.723124300757546e-28,0.7469789434179261,4.521754357879388e-19,0.44112630180400647,4.354979708421291e-06,0.3735449032387677,0.00012917728156324005,0.5481082567527832,3.5785782464878086e-09,0.8888230348091882,5.538026362435265e-35,0.826937270576627,3.035238330922777e-26,0.8402887394818125,8.35323364116411e-28,0.9626344504162094,2.0972177902889327e-57,0.8648547622792184,4.34176932121357e-31,0.8602924453213995,1.9693158917359496e-30
15,-0.5862139720896664,1.47559066195523e-10,0.40901059948308144,2.3890612288328607e-05,-0.383442001491293,8.222137551931697e-05,0.9236290345714563,1.3317030857289889e-42,0.9116895590817587,1.226128653048509e-39,0.4747484775450886,6.026897458664075e-07,0.6596008970495325,8.473810141879422e-14,0.724533716493734,1.590671746690634e-17,-0.25546200219505977,0.010311163066761513,0.752284114849585,1.8447058366050253e-19,-0.5205929044719724,2.824078028040571e-08,-0.47584637484113945,5.629585311231986e-07,0.23088267457116918,0.020826336094547423,-0.03438428840132424,0.7341424298303874,-0.4794974539260165,4.4795878581223385e-07,-0.35340442273321593,0.00031008206096550645,0.13072279258953412,0.1948502943313371,0.22413541808751042,0.024975740987705476,0.14742681359514162,0.1432638917553143,0.2464460006048883,0.013446265374361,0.2674532807122321,0.007143074894970311,-0.2539319015842587,0.010793147219998973,-0.11781776493888094,0.2430342731216269,0.5021178333012375,1.0234157625754006e-07,0.15795568222231104,0.11651554094864154,-0.09995199806692343,0.32245086704747783,0.9254050766304313,4.390355732305852e-43,0.4715318939144618,7.34978767787052e-07,0.6094383370551404,1.7102313956839453e-11,0.7188018720275576,3.735168299188542e-17,0.5869601205042426,1.3805203451721717e-10,0.649723295122498,2.606323852115247e-13,0.7932700661418618,7.703348316028788e-23,0.7775197756853224,1.8616483262872816e-21,0.39318786181829773,5.194738795843125e-05,0.405577063229055,2.8371708735789718e-05
16,0.8878091222430704,8.425696599921517e-35,0.8811292324395996,1.2137483499218197e-33,0.9273746515712468,1.2414352915704655e-43,0.6492723630071652,2.7407970676892857e-13,0.7201573506960733,3.058230466154518e-17,0.9185000883852495,2.8390154415821503e-41,0.8101240607929405,1.8499380073699666e-24,-0.5257606684489711,1.9427983966555025e-08,0.7618465906905046,3.456888747086029e-20,0.957778674577032,7.430890528035117e-55,0.5340202627572429,1.0545859858128401e-08,0.8387187115181587,1.2961497244904335e-27,0.9573510713591272,1.2050888578956087e-54,0.8632690164437742,7.3889548378039805e-31,-0.4042511734116808,3.0303804629311182e-05,0.855160662396973,1.0132685516989592e-29,0.6651478388117626,4.42563970015915e-14,0.5660175137808383,8.409760340368019e-10,0.7921433441256261,9.762720110052827e-23,0.6923606975287632,1.4807837528301104e-15,-0.2969770751253994,0.0026959513977075082,0.5278280032330688,1.6698506620649956e-08,0.7368343825934472,2.364044242143901e-18,0.9315121621874805,7.751847249293068e-45,0.8324150904313122,7.221951785001487e-27,-0.4126164054751387,1.9903910989731133e-05,0.6988687891073921,6.212269896385336e-16,0.6296379995808015,2.2641579185357785e-12,0.5560478458385758,1.9031839273865042e-09,-0.32326731256767394,0.0010359342850233318,0.8594616403550749,2.5786497234387066e-30,0.7097802413933813,1.372815658950778e-16,-0.28383204540379314,0.0042132578934446045,0.8558008195654255,8.288712648654613e-30,-0.4589453730934756,1.567421612126008e-06,-0.5470714874036778,3.8814547295819e-09
17,-0.5367323820907113,8.597860296069127e-09,-0.36580639806050447,0.0001820826887413665,-0.8526479686055651,2.2086956214242386e-29,-0.08027478965545548,0.4272316442944625,-0.5086452039861877,6.550361322714487e-08,-0.8270486557661013,2.949392875121306e-26,-0.4837865665552899,3.4133366024904033e-07,-0.5877855695388751,1.2822127089821603e-10,-0.25721438201542646,0.00978242151148249,0.6473309542543295,3.4003612985548514e-13,-0.3214265767399418,0.001110826543151895,-0.010516702187742113,0.917290235561883,0.422530761640201,1.1917363504899273e-05,0.17103079475001018,0.08887440725892065,0.0024220844068475154,0.9809193249646723,0.3373382491516762,0.0005988098173950861,0.4495306344461249,2.7088507754280585e-06,0.6080737191180595,1.9505305240856305e-11,0.5070705893242263,7.301029899282011e-08,0.4403167320346574,4.55576018490847e-06,0.756751687604838,8.517902392698627e-20,0.3084106383423017,0.0017974796200433466,0.6910812672664562,1.751813039361792e-15,0.8468212719887849,1.2743048921835668e-28,0.6113854260402011,1.4161588471235743e-11,0.6420493931888613,6.066207608223001e-13,0.830651783031673,1.1529274164346018e-26,0.27580390986767633,0.0054787252150979345,0.5679648993914129,7.146895126721857e-10,0.633036669086956,1.5879225474964513e-12,0.654063898547115,1.5989285734165715e-13,0.7694203744974107,8.670755645405747e-21,0.8698231535409099,7.848406870073873e-32,0.5068557904430423,7.409576470616772e-08,0.6063435686608402,2.3022639768612632e-11,0.8039128725118865,7.624855010254129e-24
18,0.7073604580078197,1.9301712300906252e-16,-0.42817591439038893,8.834317770933069e-06,0.6753391416989203,1.2934853960388378e-14,0.8721962753385687,3.381417216545625e-32,0.6433990487415638,5.23770336930903e-13,0.7867596489466202,2.9688182534431917e-22,0.02991114538480813,0.7676753583579514,0.783817617531275,5.378799371828543e-22,-0.6645975562680172,4.723121672437169e-14,0.7602865297884603,4.5671006440700074e-20,0.5312811521269228,1.293798151061362e-08,0.379061555298751,0.00010060008153579119,0.8771598757406917,5.4964487647550566e-33,-0.1276366836187551,0.20569114584043355,0.6841830976627951,4.272195700588046e-15,-0.6797198033353147,7.508413220443828e-15,-0.1276035687519849,0.20580976480910843,0.0339448346272829,0.7374159268046764,-0.48235933164706196,3.7380298326153073e-07,-0.0038084664602028237,0.9700018424541138,-0.42195855297939633,1.228085192219573e-05,0.3409514428583823,0.0005180030062978977,0.023900367298868755,0.813407442818304,0.6257100850110422,3.3934799678898913e-12,-0.05977814601723355,0.554658073303395,0.7471955330950464,4.3611339254820665e-19,0.8939988729630887,6.090004379541826e-36,0.7034636682643615,3.317251004647036e-16,-0.04346874156261217,0.6676136782525051,0.6262724383109358,3.2035881747310894e-12,0.5941341239166388,7.213824387265711e-11,0.05629800652856105,0.5779760272536956,0.3215421859009983,0.0011059816060462512,-0.16840180886060213,0.09396764739301429,0.7229522711185652,2.017400889794718e-17,-0.2552509462824409,0.010376504171013268
19,-0.4512390182843899,2.455809946575249e-06,-0.0801569273406562,0.42791280652520397,-0.5326487839970278,1.1685176814355081e-08,0.7753972907374738,2.8033438856658446e-21,0.7333680416834962,4.088714887712838e-18,0.5451219356202497,4.518757260260732e-09,0.2618844461603179,0.008487792902220364,-0.0848563343421507,0.40123915214730144,0.5381773515705801,7.70577762579667e-09,0.9452126015568194,1.9227064858526863e-49,-0.7623218703784739,3.1743289906219626e-20,-0.5623952654516479,1.1350471987789235e-09,-0.6332777064508412,1.5482103374893724e-12,0.008252743427461165,0.935051293957511,0.6870680142345059,2.9514357593460995e-15,0.5734402846891801,4.4972383920601804e-10,-0.3149118517150437,0.0014171782566189883,-0.16645932715803466,0.0978768373144568,-0.5122159985183166,5.111252780140725e-08,-0.14255737022763076,0.15710124706455453,0.6881747064450427,2.5581459418971958e-15,-0.838208015223631,1.4937532037974268e-27,-0.6488532187671372,2.8717881061900796e-13,-0.7868128066936176,2.9368565033239264e-22,-0.22208054480621223,0.02637173204679138,0.7023907072691824,3.844747334147076e-16,0.9242437716116031,9.097830311921984e-43,0.7168209602337664,4.9924039517894227e-17,0.16616813124737573,0.09847373040224139,-0.4382497393263595,5.108718543693423e-06,0.6198726459460625,6.127740080675367e-12,0.13464905434513244,0.18166267947438117,-0.2841916086483449,0.004163252578505872,0.597384668006143,5.34746253248278e-11,-0.6852559556803332,3.725077947985665e-15,-0.314908427765703,0.0014173576746282055
20,0.06451438428619746,0.5236705435268858,0.011719822432974902,0.907867549895707,-0.19182037849972966,0.05589138219968716,0.8463371628041867,1.469213656604704e-28,0.8061203386614118,4.636357221187456e-24,0.4310788053321498,7.558015263563258e-06,0.5445277993594172,4.732129744049444e-09,0.5804370052287261,2.457181202153725e-10,0.1430343663181014,0.1557032686801494,0.5907030254340171,9.859184319562495e-11,0.17470480199437544,0.08212628961501428,0.1131724308247174,0.262244485282177,0.73379264866916,3.825083409669298e-18,0.43981546528551757,4.684421174819516e-06,-0.02196224503504423,0.8282960980764248,-0.46886662565638504,8.650117182472043e-07,0.021323259441131448,0.8332184064041294,0.26249366334796803,0.008330554853064692,0.4196850455843597,1.3830520053121367e-05,0.5819790767855982,2.1465569681108805e-10,0.2550462053793911,0.01044023655983078,-0.004997362760904713,0.9606438513236214,-0.27288284962456016,0.006016918799347086,0.17114212898687264,0.08866364770319263,-0.1591229410797647,0.11380561792652442,-0.16245000508250645,0.10634925649960024,0.7981157394534093,2.733990014595635e-23,0.5272384684747327,1.7437017410242817e-08,0.5196336126348265,3.025068597878073e-08,0.6473158798238176,3.4060387053072664e-13,0.5734834484538975,4.480694377808102e-10,0.5726405615077728,4.81458811003964e-10,0.611786479787362,1.3619592966315735e-11,0.7692155804713119,9.00736750731172e-21,0.39533170456470734,4.686535501808312e-05,0.31858142499605135,0.001236319693452277
21,-0.7600853667243942,4.733368078603532e-20,-0.766059747212297,1.611969649292329e-20,-0.7802703647620006,1.0878809653361493e-21,0.2843378900684912,0.004143061049225117,0.7394075005009407,1.5653233798241206e-18,-0.794107972284258,6.452800775307937e-23,-0.05267051346816224,0.602753716340947,-0.791067014085294,1.2225572518795763e-22,0.7655423902709813,1.7718021472643898e-20,0.8468355240812551,1.2689671883051485e-28,0.0354038270546285,0.7265662600460262,-0.4800628775876387,4.322813164846239e-07,0.9222108821786394,3.168856798609047e-42,0.48730444134253303,2.7235841580676903e-07,0.8863182237425076,1.5503740667757576e-34,0.7117136709999611,1.042995510978422e-16,-0.022538028498151227,0.823866329475322,-0.6286395593445441,2.5108056697520627e-12,0.8519598244537032,2.727224812669406e-29,0.2628764072635446,0.008233086621523972,0.8175436232373304,3.1778216083641438e-25,-0.1961276793459306,0.05050561025346798,-0.5495366160941287,3.1981776822097665e-09,0.8826056965103671,6.825617017705264e-34,0.2745842117414192,0.005698016567793903,0.6723158141492518,1.8725930766602624e-14,0.6876051299992634,2.7537502854888892e-15,-0.023590406791256364,0.8157842511381097,0.6604255501750255,7.700421448343759e-14,0.14534906002117878,0.1490511203452168,-0.5455195034823982,4.381158775683927e-09,0.34786133195571506,0.0003906687511017248,-0.47380435014740163,6.389703519658195e-07,0.43507541214836326,6.082533616210066e-06,0.8807723689821786,1.3933275503246083e-33,0.5302654269760497,1.3950501967660554e-08
22,-0.05782394925509842,0.5676959630774392,-0.11183962268555772,0.2679417602052363,-0.20807547956051595,0.037765601328017206,0.33196301910421666,0.0007405483917767128,0.3128448952875562,0.001529316557526301,0.2834024747421122,0.004273702022528536,0.6583483182102946,9.79408055354969e-14,0.006477036299507195,0.9490047039135657,0.3090678198649274,0.0017552225404403616,0.584812704625327,1.671419931812409e-10,0.03483922434418636,0.7307586113060067,-0.07991585385862013,0.429307980655102,0.5063662360606138,7.662746359347817e-08,0.015536513457862874,0.8780662429032781,0.34956316270377275,0.0003640825306296804,0.5398737599031559,6.77138697090727e-09,0.19805167025310566,0.04824218634759532,0.2322830053204754,0.020043620019377716,0.38353610579092745,8.186323958936992e-05,0.3345333310403813,0.0006693320161088172,0.40461287198981444,2.9764870468537242e-05,-0.37153235333499646,0.0001413577179905033,-0.3882411062170131,6.57001079288647e-05,0.3167968107316806,0.0013214767630273258,-0.07311703989387855,0.46971291274559945,-0.018677101636743812,0.8536691442017057,0.9282748028243739,6.887179654485461e-44,0.10242524613004837,0.310561303929168,0.3505488931201544,0.0003494554750486199,0.8061199044825036,4.636813808348278e-24,0.1180116242784984,0.24225434231395562,0.4213908057762052,1.2651780513883417e-05,0.6783650611542511,8.892673281692066e-15,0.4139098947303843,1.8632577159350698e-05,0.09987789534094176,0.32281155096834535,0.056455957490841535,0.5769079434116332
23,-0.4513941595084778,2.433972335084961e-06,0.3530233699364283,0.0003150885833500764,-0.11103076478145346,0.27143987287830557,0.16418604999760866,0.10261296793686063,-0.12057663727502914,0.23209783110185117,0.3604816938838352,0.000229449699971203,-0.24015869257988112,0.016096151945680724,0.36834767094066073,0.0001628261710847235,-0.6139365096056466,1.103823035362733e-11,0.5140459486462507,4.496078891205038e-08,0.0021932593575005703,0.9827216689641731,0.6233879183236122,4.299166352920234e-12,-0.20980528480761915,0.036166274930126405,0.7626106393601644,3.013762591482288e-20,-0.5373205916896184,8.223397628220042e-09,-0.09063047681615383,0.3698482712949587,-0.26297360849184137,0.008208494240470729,-0.12088135249939937,0.23091135028504867,0.6614226364489474,6.85623017343214e-14,-0.3919037580866156,5.523291486512246e-05,0.7542957210331144,1.3052893499100661e-19,-0.5617746182714081,1.1944584503813788e-09,0.6469752099335622,3.536814093437564e-13,-0.10395659908263745,0.30334436582491914,0.6819364877856386,5.681475616653453e-15,-0.0909220945454587,0.3683038409433716,-0.28882078626511587,0.0035651859631304216,0.023204936384434417,0.8187424043143271,-0.030074788226126498,0.7664406026917713,-0.2786759532502435,0.004991711930846421,0.08044601830663989,0.42624317080088864,0.6677832237348392,3.2347391951114017e-14,-0.08723488894615568,0.3881219988653,-0.06543330518008131,0.5177612967518477,0.3160714195256529,0.001357588096346458,-0.405155865761574,2.8972617690262356e-05
24,-0.16475596005917764,0.10140909038730772,-0.3697986220050108,0.00015269572884352037,-0.6609493524275756,7.245130573230524e-14,-0.9193534096784324,1.7308196646830608e-41,-0.5789344197642025,2.801144381327388e-10,-0.7901124032449903,1.4908727080037596e-22,-0.8729243577318464,2.602802748326814e-32,-0.24245811974253706,0.015078802141886677,-0.25351198682217285,0.01092882205613552,0.8108334348814517,1.5684622024212666e-24,0.18769183641561635,0.06148711658199691,0.20376952822765365,0.042005646913505876,0.3547036366446159,0.00029355815608351983,0.2888177773186704,0.003565548302561231,0.2287725576340177,0.02205527749607583,0.04269342383033646,0.673200928535784,0.4654765386200285,1.0620625204495684e-06,0.2643684631549808,0.007862650432172923,0.6271861164163782,2.9167325474434304e-12,0.4178868201398338,1.5184344297631474e-05,0.5959304573605876,6.116374896885997e-11,0.659269049178161,8.805782672743147e-14,0.4419317342482388,4.163529045911197e-06,0.7256656880673724,1.3404893241098559e-17,0.7413752529481439,1.1382850045791667e-18,0.31690820891090005,0.001316009109771413,0.6900423994748183,2.0066990868704517e-15,0.8717985669066743,3.8984299155553494e-32,0.9053041938885011,3.2057673541673014e-38,0.2596742429503658,0.009080395225777436,0.5955731300921651,6.321007146176592e-11,0.4359511260559912,5.797715542386274e-06,0.34774357310137627,0.0003925728894454706,0.8707227222587594,5.714969600460893e-32,0.5483588169942232,3.5088537257831104e-09,0.20989219346179874,0.03608744496199112
